Workbook

Sheet Raw Data
A1: Shipment ID | B1: Order Date | C1: Customer Type | D1: Destination Country | E1: Product Category | F1: Carrier | G1: Promised Delivery Date | H1: Actual Delivery Date | I1: Delay Days | J1: On Time | K1: Delay Reason | L1: Order Value EUR | M1: Order Month
A2: SH0001 | B2: 46231.917 | C2: Retail Chain | D2: United Kingdom | E2: DVD | F2: PostNL | G2: 46240.917 | H2: 46239.917 | I2: =H2-G2 | J2: =IF(I2<=0,"Yes","No") | L2: 1279 | M2: =TEXT(B2,"mmm-yy")
A3: SH0002 | B3: 46217.917 | C3: Online Retailer | D3: United States | E3: Merchandise | F3: PostNL | G3: 46225.917 | H3: 46224.917 | I3: =H3-G3 | J3: =IF(I3<=0,"Yes","No") | L3: 282 | M3: =TEXT(B3,"mmm-yy")
A4: SH0003 | B4: 46200.917 | C4: Retail Chain | D4: United Kingdom | E4: Vinyl | F4: DPD | G4: 46209.917 | H4: 46213.917 | I4: =H4-G4 | J4: =IF(I4<=0,"Yes","No") | K4: Customs hold | L4: 1376 | M4: =TEXT(B4,"mmm-yy")
A5: SH0004 | B5: 46170.917 | C5: Independent Store | D5: United States | E5: Vinyl | F5: DHL | G5: 46178.917 | H5: 46187.917 | I5: =H5-G5 | J5: =IF(I5<=0,"Yes","No") | K5: Stock shortage | L5: 1385 | M5: =TEXT(B5,"mmm-yy")
A6: SH0005 | B6: 46150.917 | C6: Retail Chain | D6: United States | E6: CD | F6: GLS | G6: 46153.917 | H6: 46153.917 | I6: =H6-G6 | J6: =IF(I6<=0,"Yes","No") | L6: 172 | M6: =TEXT(B6,"mmm-yy")
A7: SH0006 | B7: 46120.917 | C7: Retail Chain | D7: Belgium | E7: Vinyl | F7: UPS | G7: 46126.917 | H7: 46125.917 | I7: =H7-G7 | J7: =IF(I7<=0,"Yes","No") | L7: 1117 | M7: =TEXT(B7,"mmm-yy")
A8: SH0007 | B8: 46155.917 | C8: Retail Chain | D8: United Kingdom | E8: Merchandise | F8: DPD | G8: 46162.917 | H8: 46161.917 | I8: =H8-G8 | J8: =IF(I8<=0,"Yes","No") | L8: 1148 | M8: =TEXT(B8,"mmm-yy")
A9: SH0008 | B9: 46153.917 | C9: Retail Chain | D9: Netherlands | E9: Vinyl | F9: DPD | G9: 46161.917 | H9: 46161.917 | I9: =H9-G9 | J9: =IF(I9<=0,"Yes","No") | L9: 704 | M9: =TEXT(B9,"mmm-yy")
A10: SH0009 | B10: 46149.917 | C10: Retail Chain | D10: France | E10: Vinyl | F10: PostNL | G10: 46159.917 | H10: 46162.917 | I10: =H10-G10 | J10: =IF(I10<=0,"Yes","No") | K10: Customs hold | L10: 873 | M10: =TEXT(B10,"mmm-yy")
A11: SH0010 | B11: 46214.917 | C11: Retail Chain | D11: United States | E11: Merchandise | F11: PostNL | G11: 46219.917 | H11: 46218.917 | I11: =H11-G11 | J11: =IF(I11<=0,"Yes","No") | L11: 302 | M11: =TEXT(B11,"mmm-yy")
A12: SH0011 | B12: 46151.917 | C12: Independent Store | D12: Netherlands | E12: Merchandise | F12: DPD | G12: 46157.917 | H12: 46157.917 | I12: =H12-G12 | J12: =IF(I12<=0,"Yes","No") | L12: 1012 | M12: =TEXT(B12,"mmm-yy")
A13: SH0012 | B13: 46221.917 | C13: Online Retailer | D13: France | E13: CD | F13: GLS | G13: 46231.917 | H13: 46231.917 | I13: =H13-G13 | J13: =IF(I13<=0,"Yes","No") | L13: 1685 | M13: =TEXT(B13,"mmm-yy")
A14: SH0013 | B14: 46186.917 | C14: Retail Chain | D14: Belgium | E14: Merchandise | F14: DPD | G14: 46195.917 | H14: 46203.917 | I14: =H14-G14 | J14: =IF(I14<=0,"Yes","No") | K14: Documentation error | L14: 1400 | M14: =TEXT(B14,"mmm-yy")
A15: SH0014 | B15: 46172.917 | C15: Independent Store | D15: France | E15: Vinyl | F15: GLS | G15: 46180.917 | H15: 46180.917 | I15: =H15-G15 | J15: =IF(I15<=0,"Yes","No") | L15: 1314 | M15: =TEXT(B15,"mmm-yy")
A16: SH0015 | B16: 46120.917 | C16: Online Retailer | D16: United States | E16: Vinyl | F16: DPD | G16: 46126.917 | H16: 46126.917 | I16: =H16-G16 | J16: =IF(I16<=0,"Yes","No") | L16: 1190 | M16: =TEXT(B16,"mmm-yy")
A17: SH0016 | B17: 46234.917 | C17: Online Retailer | D17: France | E17: CD | F17: UPS | G17: 46241.917 | H17: 46244.917 | I17: =H17-G17 | J17: =IF(I17<=0,"Yes","No") | K17: Documentation error | L17: 454 | M17: =TEXT(B17,"mmm-yy")
A18: SH0017 | B18: 46189.917 | C18: Independent Store | D18: Netherlands | E18: CD | F18: DPD | G18: 46198.917 | H18: 46198.917 | I18: =H18-G18 | J18: =IF(I18<=0,"Yes","No") | L18: 545 | M18: =TEXT(B18,"mmm-yy")
A19: SH0018 | B19: 46181.917 | C19: Online Retailer | D19: United States | E19: Merchandise | F19: UPS | G19: 46190.917 | H19: 46190.917 | I19: =H19-G19 | J19: =IF(I19<=0,"Yes","No") | L19: 601 | M19: =TEXT(B19,"mmm-yy")
A20: SH0019 | B20: 46204.917 | C20: Retail Chain | D20: Germany | E20: Vinyl | F20: PostNL | G20: 46209.917 | H20: 46209.917 | I20: =H20-G20 | J20: =IF(I20<=0,"Yes","No") | L20: 1059 | M20: =TEXT(B20,"mmm-yy")
A21: SH0020 | B21: 46156.917 | C21: Online Retailer | D21: Germany | E21: CD | F21: GLS | G21: 46162.917 | H21: 46161.917 | I21: =H21-G21 | J21: =IF(I21<=0,"Yes","No") | L21: 602 | M21: =TEXT(B21,"mmm-yy")
A22: SH0021 | B22: 46207.917 | C22: Independent Store | D22: United Kingdom | E22: Merchandise | F22: GLS | G22: 46214.917 | H22: 46218.917 | I22: =H22-G22 | J22: =IF(I22<=0,"Yes","No") | K22: Weather | L22: 156 | M22: =TEXT(B22,"mmm-yy")
A23: SH0022 | B23: 46243.917 | C23: Retail Chain | D23: France | E23: DVD | F23: DHL | G23: 46249.917 | H23: 46248.917 | I23: =H23-G23 | J23: =IF(I23<=0,"Yes","No") | L23: 1183 | M23: =TEXT(B23,"mmm-yy")
A24: SH0023 | B24: 46224.917 | C24: Independent Store | D24: Germany | E24: CD | F24: UPS | G24: 46229.917 | H24: 46228.917 | I24: =H24-G24 | J24: =IF(I24<=0,"Yes","No") | L24: 1295 | M24: =TEXT(B24,"mmm-yy")
A25: SH0024 | B25: 46169.917 | C25: Online Retailer | D25: Germany | E25: Vinyl | F25: DPD | G25: 46173.917 | H25: 46179.917 | I25: =H25-G25 | J25: =IF(I25<=0,"Yes","No") | K25: Stock shortage | L25: 1785 | M25: =TEXT(B25,"mmm-yy")
A26: SH0025 | B26: 46165.917 | C26: Online Retailer | D26: United States | E26: CD | F26: GLS | G26: 46170.917 | H26: 46178.917 | I26: =H26-G26 | J26: =IF(I26<=0,"Yes","No") | K26: Documentation error | L26: 84 | M26: =TEXT(B26,"mmm-yy")
A27: SH0026 | B27: 46146.917 | C27: Independent Store | D27: United Kingdom | E27: CD | F27: PostNL | G27: 46152.917 | H27: 46152.917 | I27: =H27-G27 | J27: =IF(I27<=0,"Yes","No") | L27: 712 | M27: =TEXT(B27,"mmm-yy")
A28: SH0027 | B28: 46134.917 | C28: Independent Store | D28: United States | E28: Merchandise | F28: PostNL | G28: 46144.917 | H28: 46144.917 | I28: =H28-G28 | J28: =IF(I28<=0,"Yes","No") | L28: 1304 | M28: =TEXT(B28,"mmm-yy")
A29: SH0028 | B29: 46153.917 | C29: Retail Chain | D29: Belgium | E29: Merchandise | F29: PostNL | G29: 46156.917 | H29: 46156.917 | I29: =H29-G29 | J29: =IF(I29<=0,"Yes","No") | L29: 543 | M29: =TEXT(B29,"mmm-yy")
A30: SH0029 | B30: 46236.917 | C30: Online Retailer | D30: Netherlands | E30: CD | F30: DHL | G30: 46246.917 | H30: 46251.917 | I30: =H30-G30 | J30: =IF(I30<=0,"Yes","No") | K30: Stock shortage | L30: 522 | M30: =TEXT(B30,"mmm-yy")
A31: SH0030 | B31: 46202.917 | C31: Retail Chain | D31: United States | E31: Vinyl | F31: DPD | G31: 46207.917 | H31: 46208.917 | I31: =H31-G31 | J31: =IF(I31<=0,"Yes","No") | K31: Carrier delay | L31: 1259 | M31: =TEXT(B31,"mmm-yy")
A32: SH0031 | B32: 46220.917 | C32: Retail Chain | D32: Belgium | E32: Merchandise | F32: PostNL | G32: 46229.917 | H32: 46228.917 | I32: =H32-G32 | J32: =IF(I32<=0,"Yes","No") | L32: 380 | M32: =TEXT(B32,"mmm-yy")
A33: SH0032 | B33: 46118.917 | C33: Independent Store | D33: United Kingdom | E33: Merchandise | F33: PostNL | G33: 46122.917 | H33: 46121.917 | I33: =H33-G33 | J33: =IF(I33<=0,"Yes","No") | L33: 780 | M33: =TEXT(B33,"mmm-yy")
A34: SH0033 | B34: 46149.917 | C34: Online Retailer | D34: Belgium | E34: CD | F34: UPS | G34: 46159.917 | H34: 46159.917 | I34: =H34-G34 | J34: =IF(I34<=0,"Yes","No") | L34: 1145 | M34: =TEXT(B34,"mmm-yy")
A35: SH0034 | B35: 46210.917 | C35: Retail Chain | D35: France | E35: CD | F35: GLS | G35: 46213.917 | H35: 46212.917 | I35: =H35-G35 | J35: =IF(I35<=0,"Yes","No") | L35: 155 | M35: =TEXT(B35,"mmm-yy")
A36: SH0035 | B36: 46201.917 | C36: Online Retailer | D36: Belgium | E36: DVD | F36: GLS | G36: 46204.917 | H36: 46203.917 | I36: =H36-G36 | J36: =IF(I36<=0,"Yes","No") | L36: 1764 | M36: =TEXT(B36,"mmm-yy")
A37: SH0036 | B37: 46156.917 | C37: Independent Store | D37: Netherlands | E37: Vinyl | F37: GLS | G37: 46166.917 | H37: 46169.917 | I37: =H37-G37 | J37: =IF(I37<=0,"Yes","No") | K37: Weather | L37: 1748 | M37: =TEXT(B37,"mmm-yy")
A38: SH0037 | B38: 46246.917 | C38: Independent Store | D38: United States | E38: CD | F38: DHL | G38: 46255.917 | H38: 46254.917 | I38: =H38-G38 | J38: =IF(I38<=0,"Yes","No") | L38: 1523 | M38: =TEXT(B38,"mmm-yy")
A39: SH0038 | B39: 46191.917 | C39: Online Retailer | D39: France | E39: CD | F39: PostNL | G39: 46196.917 | H39: 46196.917 | I39: =H39-G39 | J39: =IF(I39<=0,"Yes","No") | L39: 383 | M39: =TEXT(B39,"mmm-yy")
A40: SH0039 | B40: 46234.917 | C40: Independent Store | D40: Netherlands | E40: Merchandise | F40: DPD | G40: 46242.917 | H40: 46241.917 | I40: =H40-G40 | J40: =IF(I40<=0,"Yes","No") | L40: 524 | M40: =TEXT(B40,"mmm-yy")
A41: SH0040 | B41: 46140.917 | C41: Independent Store | D41: United States | E41: DVD | F41: DPD | G41: 46145.917 | H41: 46145.917 | I41: =H41-G41 | J41: =IF(I41<=0,"Yes","No") | L41: 628 | M41: =TEXT(B41,"mmm-yy")
A42: SH0041 | B42: 46211.917 | C42: Online Retailer | D42: Germany | E42: CD | F42: DPD | G42: 46218.917 | H42: 46217.917 | I42: =H42-G42 | J42: =IF(I42<=0,"Yes","No") | L42: 1134 | M42: =TEXT(B42,"mmm-yy")
A43: SH0042 | B43: 46212.917 | C43: Retail Chain | D43: Germany | E43: Merchandise | F43: UPS | G43: 46218.917 | H43: 46218.917 | I43: =H43-G43 | J43: =IF(I43<=0,"Yes","No") | L43: 726 | M43: =TEXT(B43,"mmm-yy")
A44: SH0043 | B44: 46177.917 | C44: Retail Chain | D44: Germany | E44: DVD | F44: DPD | G44: 46181.917 | H44: 46180.917 | I44: =H44-G44 | J44: =IF(I44<=0,"Yes","No") | L44: 1599 | M44: =TEXT(B44,"mmm-yy")
A45: SH0044 | B45: 46139.917 | C45: Online Retailer | D45: France | E45: Vinyl | F45: PostNL | G45: 46144.917 | H45: 46144.917 | I45: =H45-G45 | J45: =IF(I45<=0,"Yes","No") | L45: 678 | M45: =TEXT(B45,"mmm-yy")
A46: SH0045 | B46: 46132.917 | C46: Online Retailer | D46: Germany | E46: Vinyl | F46: DPD | G46: 46141.917 | H46: 46141.917 | I46: =H46-G46 | J46: =IF(I46<=0,"Yes","No") | L46: 161 | M46: =TEXT(B46,"mmm-yy")
A47: SH0046 | B47: 46189.917 | C47: Independent Store | D47: France | E47: Vinyl | F47: PostNL | G47: 46193.917 | H47: 46193.917 | I47: =H47-G47 | J47: =IF(I47<=0,"Yes","No") | L47: 484 | M47: =TEXT(B47,"mmm-yy")
A48: SH0047 | B48: 46210.917 | C48: Independent Store | D48: Netherlands | E48: Vinyl | F48: DHL | G48: 46216.917 | H48: 46215.917 | I48: =H48-G48 | J48: =IF(I48<=0,"Yes","No") | L48: 332 | M48: =TEXT(B48,"mmm-yy")
A49: SH0048 | B49: 46228.917 | C49: Retail Chain | D49: United Kingdom | E49: Merchandise | F49: DHL | G49: 46238.917 | H49: 46238.917 | I49: =H49-G49 | J49: =IF(I49<=0,"Yes","No") | L49: 144 | M49: =TEXT(B49,"mmm-yy")
... A56: SH0055 | B56: 46140.917 | C56: Independent Store | D56: United Kingdom | E56: CD | F56: UPS | G56: 46149.917 | H56: 46148.917 | I56: =H56-G56 | J56: =IF(I56<=0,"Yes","No") | L56: 1312 | M56: =TEXT(B56,"mmm-yy")
A57: SH0056 | B57: 46136.917 | C57: Independent Store | D57: United Kingdom | E57: DVD | F57: DPD | G57: 46139.917 | H57: 46147.917 | I57: =H57-G57 | J57: =IF(I57<=0,"Yes","No") | K57: Carrier delay | L57: 701 | M57: =TEXT(B57,"mmm-yy")
A58: SH0057 | B58: 46231.917 | C58: Independent Store | D58: Netherlands | E58: CD | F58: DPD | G58: 46236.917 | H58: 46236.917 | I58: =H58-G58 | J58: =IF(I58<=0,"Yes","No") | L58: 130 | M58: =TEXT(B58,"mmm-yy")
A59: SH0058 | B59: 46168.917 | C59: Online Retailer | D59: Germany | E59: CD | F59: UPS | G59: 46174.917 | H59: 46173.917 | I59: =H59-G59 | J59: =IF(I59<=0,"Yes","No") | L59: 840 | M59: =TEXT(B59,"mmm-yy")
A60: SH0059 | B60: 46237.917 | C60: Online Retailer | D60: United Kingdom | E60: Vinyl | F60: UPS | G60: 46247.917 | H60: 46250.917 | I60: =H60-G60 | J60: =IF(I60<=0,"Yes","No") | K60: Stock shortage | L60: 1230 | M60: =TEXT(B60,"mmm-yy")
A61: SH0060 | B61: 46223.917 | C61: Online Retailer | D61: United States | E61: Vinyl | F61: DPD | G61: 46231.917 | H61: 46231.917 | I61: =H61-G61 | J61: =IF(I61<=0,"Yes","No") | L61: 1618 | M61: =TEXT(B61,"mmm-yy")
A62: SH0061 | B62: 46174.917 | C62: Online Retailer | D62: France | E62: DVD | F62: UPS | G62: 46178.917 | H62: 46186.917 | I62: =H62-G62 | J62: =IF(I62<=0,"Yes","No") | K62: Stock shortage | L62: 183 | M62: =TEXT(B62,"mmm-yy")
A63: SH0062 | B63: 46240.917 | C63: Independent Store | D63: Belgium | E63: CD | F63: GLS | G63: 46244.917 | H63: 46244.917 | I63: =H63-G63 | J63: =IF(I63<=0,"Yes","No") | L63: 1665 | M63: =TEXT(B63,"mmm-yy")
A64: SH0063 | B64: 46137.917 | C64: Independent Store | D64: United States | E64: Vinyl | F64: UPS | G64: 46147.917 | H64: 46146.917 | I64: =H64-G64 | J64: =IF(I64<=0,"Yes","No") | L64: 476 | M64: =TEXT(B64,"mmm-yy")
A65: SH0064 | B65: 46131.917 | C65: Online Retailer | D65: France | E65: Vinyl | F65: DPD | G65: 46139.917 | H65: 46139.917 | I65: =H65-G65 | J65: =IF(I65<=0,"Yes","No") | L65: 568 | M65: =TEXT(B65,"mmm-yy")
A66: SH0065 | B66: 46123.917 | C66: Independent Store | D66: United Kingdom | E66: Merchandise | F66: DHL | G66: 46130.917 | H66: 46135.917 | I66: =H66-G66 | J66: =IF(I66<=0,"Yes","No") | K66: Customs hold | L66: 488 | M66: =TEXT(B66,"mmm-yy")
A67: SH0066 | B67: 46119.917 | C67: Retail Chain | D67: United States | E67: CD | F67: DPD | G67: 46126.917 | H67: 46126.917 | I67: =H67-G67 | J67: =IF(I67<=0,"Yes","No") | L67: 1625 | M67: =TEXT(B67,"mmm-yy")
A68: SH0067 | B68: 46143.917 | C68: Retail Chain | D68: Netherlands | E68: Merchandise | F68: DHL | G68: 46146.917 | H68: 46146.917 | I68: =H68-G68 | J68: =IF(I68<=0,"Yes","No") | L68: 530 | M68: =TEXT(B68,"mmm-yy")
A69: SH0068 | B69: 46163.917 | C69: Retail Chain | D69: France | E69: Merchandise | F69: GLS | G69: 46172.917 | H69: 46172.917 | I69: =H69-G69 | J69: =IF(I69<=0,"Yes","No") | L69: 1154 | M69: =TEXT(B69,"mmm-yy")
A70: SH0069 | B70: 46215.917 | C70: Retail Chain | D70: United Kingdom | E70: Vinyl | F70: DHL | G70: 46218.917 | H70: 46220.917 | I70: =H70-G70 | J70: =IF(I70<=0,"Yes","No") | K70: Documentation error | L70: 1140 | M70: =TEXT(B70,"mmm-yy")
A71: SH0070 | B71: 46112.917 | C71: Independent Store | D71: Belgium | E71: Merchandise | F71: DHL | G71: 46120.917 | H71: 46120.917 | I71: =H71-G71 | J71: =IF(I71<=0,"Yes","No") | L71: 419 | M71: =TEXT(B71,"mmm-yy")
A72: SH0071 | B72: 46236.917 | C72: Retail Chain | D72: Netherlands | E72: Vinyl | F72: GLS | G72: 46241.917 | H72: 46249.917 | I72: =H72-G72 | J72: =IF(I72<=0,"Yes","No") | K72: Weather | L72: 173 | M72: =TEXT(B72,"mmm-yy")
A73: SH0072 | B73: 46187.917 | C73: Online Retailer | D73: United States | E73: DVD | F73: GLS | G73: 46193.917 | H73: 46200.917 | I73: =H73-G73 | J73: =IF(I73<=0,"Yes","No") | K73: Weather | L73: 901 | M73: =TEXT(B73,"mmm-yy")
A74: SH0073 | B74: 46225.917 | C74: Online Retailer | D74: United States | E74: Vinyl | F74: DHL | G74: 46234.917 | H74: 46236.917 | I74: =H74-G74 | J74: =IF(I74<=0,"Yes","No") | K74: Weather | L74: 825 | M74: =TEXT(B74,"mmm-yy")
A75: SH0074 | B75: 46240.917 | C75: Independent Store | D75: United States | E75: CD | F75: DPD | G75: 46243.917 | H75: 46242.917 | I75: =H75-G75 | J75: =IF(I75<=0,"Yes","No") | L75: 970 | M75: =TEXT(B75,"mmm-yy")
A76: SH0075 | B76: 46217.917 | C76: Retail Chain | D76: United States | E76: Merchandise | F76: PostNL | G76: 46221.917 | H76: 46221.917 | I76: =H76-G76 | J76: =IF(I76<=0,"Yes","No") | L76: 639 | M76: =TEXT(B76,"mmm-yy")
A77: SH0076 | B77: 46191.917 | C77: Online Retailer | D77: Netherlands | E77: Vinyl | F77: DPD | G77: 46197.917 | H77: 46196.917 | I77: =H77-G77 | J77: =IF(I77<=0,"Yes","No") | L77: 271 | M77: =TEXT(B77,"mmm-yy")
A78: SH0077 | B78: 46197.917 | C78: Online Retailer | D78: United Kingdom | E78: Merchandise | F78: PostNL | G78: 46201.917 | H78: 46202.917 | I78: =H78-G78 | J78: =IF(I78<=0,"Yes","No") | K78: Carrier delay | L78: 304 | M78: =TEXT(B78,"mmm-yy")
A79: SH0078 | B79: 46201.917 | C79: Independent Store | D79: France | E79: CD | F79: GLS | G79: 46210.917 | H79: 46210.917 | I79: =H79-G79 | J79: =IF(I79<=0,"Yes","No") | L79: 738 | M79: =TEXT(B79,"mmm-yy")
A80: SH0079 | B80: 46129.917 | C80: Retail Chain | D80: France | E80: CD | F80: UPS | G80: 46137.917 | H80: 46136.917 | I80: =H80-G80 | J80: =IF(I80<=0,"Yes","No") | L80: 1135 | M80: =TEXT(B80,"mmm-yy")
A81: SH0080 | B81: 46223.917 | C81: Independent Store | D81: United States | E81: Vinyl | F81: PostNL | G81: 46233.917 | H81: 46233.917 | I81: =H81-G81 | J81: =IF(I81<=0,"Yes","No") | L81: 178 | M81: =TEXT(B81,"mmm-yy")
A82: SH0081 | B82: 46246.917 | C82: Independent Store | D82: United States | E82: DVD | F82: PostNL | G82: 46256.917 | H82: 46257.917 | I82: =H82-G82 | J82: =IF(I82<=0,"Yes","No") | K82: Customs hold | L82: 1632 | M82: =TEXT(B82,"mmm-yy")
A83: SH0082 | B83: 46246.917 | C83: Retail Chain | D83: United States | E83: CD | F83: GLS | G83: 46256.917 | H83: 46256.917 | I83: =H83-G83 | J83: =IF(I83<=0,"Yes","No") | L83: 1427 | M83: =TEXT(B83,"mmm-yy")
A84: SH0083 | B84: 46143.917 | C84: Online Retailer | D84: Belgium | E84: Vinyl | F84: DHL | G84: 46148.917 | H84: 46147.917 | I84: =H84-G84 | J84: =IF(I84<=0,"Yes","No") | L84: 1624 | M84: =TEXT(B84,"mmm-yy")
A85: SH0084 | B85: 46241.917 | C85: Retail Chain | D85: France | E85: DVD | F85: PostNL | G85: 46247.917 | H85: 46247.917 | I85: =H85-G85 | J85: =IF(I85<=0,"Yes","No") | L85: 908 | M85: =TEXT(B85,"mmm-yy")
A86: SH0085 | B86: 46167.917 | C86: Independent Store | D86: United Kingdom | E86: DVD | F86: DPD | G86: 46174.917 | H86: 46173.917 | I86: =H86-G86 | J86: =IF(I86<=0,"Yes","No") | L86: 1471 | M86: =TEXT(B86,"mmm-yy")
A87: SH0086 | B87: 46225.917 | C87: Online Retailer | D87: Netherlands | E87: Merchandise | F87: GLS | G87: 46235.917 | H87: 46234.917 | I87: =H87-G87 | J87: =IF(I87<=0,"Yes","No") | L87: 242 | M87: =TEXT(B87,"mmm-yy")
A88: SH0087 | B88: 46179.917 | C88: Retail Chain | D88: United States | E88: Merchandise | F88: GLS | G88: 46188.917 | H88: 46188.917 | I88: =H88-G88 | J88: =IF(I88<=0,"Yes","No") | L88: 1171 | M88: =TEXT(B88,"mmm-yy")
A89: SH0088 | B89: 46197.917 | C89: Online Retailer | D89: France | E89: Merchandise | F89: UPS | G89: 46202.917 | H89: 46201.917 | I89: =H89-G89 | J89: =IF(I89<=0,"Yes","No") | L89: 1186 | M89: =TEXT(B89,"mmm-yy")
A90: SH0089 | B90: 46179.917 | C90: Independent Store | D90: Germany | E90: DVD | F90: DHL | G90: 46188.917 | H90: 46193.917 | I90: =H90-G90 | J90: =IF(I90<=0,"Yes","No") | K90: Weather | L90: 657 | M90: =TEXT(B90,"mmm-yy")
A91: SH0090 | B91: 46192.917 | C91: Independent Store | D91: Germany | E91: Vinyl | F91: DPD | G91: 46196.917 | H91: 46205.917 | I91: =H91-G91 | J91: =IF(I91<=0,"Yes","No") | K91: Weather | L91: 1514 | M91: =TEXT(B91,"mmm-yy")
A92: SH0091 | B92: 46120.917 | C92: Online Retailer | D92: Netherlands | E92: Merchandise | F92: UPS | G92: 46129.917 | H92: 46132.917 | I92: =H92-G92 | J92: =IF(I92<=0,"Yes","No") | K92: Stock shortage | L92: 1654 | M92: =TEXT(B92,"mmm-yy")
A93: SH0092 | B93: 46200.917 | C93: Retail Chain | D93: Germany | E93: Merchandise | F93: PostNL | G93: 46210.917 | H93: 46219.917 | I93: =H93-G93 | J93: =IF(I93<=0,"Yes","No") | K93: Stock shortage | L93: 79 | M93: =TEXT(B93,"mmm-yy")
A94: SH0093 | B94: 46158.917 | C94: Retail Chain | D94: France | E94: Merchandise | F94: DPD | G94: 46162.917 | H94: 46161.917 | I94: =H94-G94 | J94: =IF(I94<=0,"Yes","No") | L94: 236 | M94: =TEXT(B94,"mmm-yy")
A95: SH0094 | B95: 46215.917 | C95: Online Retailer | D95: Netherlands | E95: DVD | F95: UPS | G95: 46221.917 | H95: 46220.917 | I95: =H95-G95 | J95: =IF(I95<=0,"Yes","No") | L95: 356 | M95: =TEXT(B95,"mmm-yy")
A96: SH0095 | B96: 46167.917 | C96: Independent Store | D96: United States | E96: Merchandise | F96: PostNL | G96: 46171.917 | H96: 46171.917 | I96: =H96-G96 | J96: =IF(I96<=0,"Yes","No") | L96: 879 | M96: =TEXT(B96,"mmm-yy")
A97: SH0096 | B97: 46185.917 | C97: Online Retailer | D97: United Kingdom | E97: CD | F97: GLS | G97: 46192.917 | H97: 46191.917 | I97: =H97-G97 | J97: =IF(I97<=0,"Yes","No") | L97: 487 | M97: =TEXT(B97,"mmm-yy")
A98: SH0097 | B98: 46165.917 | C98: Retail Chain | D98: Belgium | E98: Merchandise | F98: GLS | G98: 46168.917 | H98: 46168.917 | I98: =H98-G98 | J98: =IF(I98<=0,"Yes","No") | L98: 1376 | M98: =TEXT(B98,"mmm-yy")
A99: SH0098 | B99: 46143.917 | C99: Independent Store | D99: Netherlands | E99: CD | F99: DHL | G99: 46151.917 | H99: 46156.917 | I99: =H99-G99 | J99: =IF(I99<=0,"Yes","No") | K99: Carrier delay | L99: 577 | M99: =TEXT(B99,"mmm-yy")
A100: SH0099 | B100: 46216.917 | C100: Retail Chain | D100: United Kingdom | E100: Vinyl | F100: UPS | G100: 46223.917 | H100: 46222.917 | I100: =H100-G100 | J100: =IF(I100<=0,"Yes","No") | L100: 1535 | M100: =TEXT(B100,"mmm-yy")
A101: SH0100 | B101: 46196.917 | C101: Online Retailer | D101: France | E101: Merchandise | F101: PostNL | G101: 46205.917 | H101: 46205.917 | I101: =H101-G101 | J101: =IF(I101<=0,"Yes","No") | L101: 261 | M101: =TEXT(B101,"mmm-yy")
A102: SH0101 | B102: 46173.917 | C102: Online Retailer | D102: France | E102: CD | F102: PostNL | G102: 46179.917 | H102: 46179.917 | I102: =H102-G102 | J102: =IF(I102<=0,"Yes","No") | L102: 706 | M102: =TEXT(B102,"mmm-yy")
A103: SH0102 | B103: 46180.917 | C103: Independent Store | D103: Belgium | E103: Merchandise | F103: UPS | G103: 46186.917 | H103: 46187.917 | I103: =H103-G103 | J103: =IF(I103<=0,"Yes","No") | K103: Customs hold | L103: 125 | M103: =TEXT(B103,"mmm-yy")
A104: SH0103 | B104: 46126.917 | C104: Retail Chain | D104: Netherlands | E104: Merchandise | F104: DHL | G104: 46135.917 | H104: 46136.917 | I104: =H104-G104 | J104: =IF(I104<=0,"Yes","No") | K104: Customs hold | L104: 1472 | M104: =TEXT(B104,"mmm-yy")
A105: SH0104 | B105: 46213.917 | C105: Online Retailer | D105: United Kingdom | E105: DVD | F105: DPD | G105: 46223.917 | H105: 46222.917 | I105: =H105-G105 | J105: =IF(I105<=0,"Yes","No") | L105: 1360 | M105: =TEXT(B105,"mmm-yy")
A106: SH0105 | B106: 46136.917 | C106: Independent Store | D106: Germany | E106: Vinyl | F106: PostNL | G106: 46141.917 | H106: 46150.917 | I106: =H106-G106 | J106: =IF(I106<=0,"Yes","No") | K106: Documentation error | L106: 653 | M106: =TEXT(B106,"mmm-yy")
...

Sheet Dashboard
A1: Bertus Delivery Performance Dashboard (mock data, personal practice project)
A2: Modeled on Bertus Distributie B.V. physical media wholesale operations. All figures are synthetic.
A4: Total shipments | B4: On time delivery rate | C4: Average delay (late shipments) | D4: Total order value EUR
A5: =COUNTA('Raw Data'!A2:A141) | B5: =COUNTIF('Raw Data'!J2:J141,"Yes")/COUNTA('Raw Data'!J2:J141) | C5: =AVERAGEIF('Raw Data'!I2:I141,">0") | D5: =SUM('Raw Data'!L2:L141)
A8: Delay reason breakdown
A9: Delay reason | B9: Count | C9: Share of delayed shipments
A10: Carrier delay | B10: =COUNTIF('Raw Data'!K2:K141,"Carrier delay") | C10: =B10/COUNTIF('Raw Data'!J2:J141,"No")
A11: Customs hold | B11: =COUNTIF('Raw Data'!K2:K141,"Customs hold") | C11: =B11/COUNTIF('Raw Data'!J2:J141,"No")
A12: Stock shortage | B12: =COUNTIF('Raw Data'!K2:K141,"Stock shortage") | C12: =B12/COUNTIF('Raw Data'!J2:J141,"No")
A13: Documentation error | B13: =COUNTIF('Raw Data'!K2:K141,"Documentation error") | C13: =B13/COUNTIF('Raw Data'!J2:J141,"No")
A14: Weather | B14: =COUNTIF('Raw Data'!K2:K141,"Weather") | C14: =B14/COUNTIF('Raw Data'!J2:J141,"No")
A17: Carrier performance
A18: Carrier | B18: Shipments | C18: On time rate | D18: Avg delay (days)
A19: PostNL | B19: =COUNTIF('Raw Data'!F2:F141,"PostNL") | C19: =COUNTIFS('Raw Data'!F2:F141,"PostNL",'Raw Data'!J2:J141,"Yes")/B19 | D19: =AVERAGEIFS('Raw Data'!I2:I141,'Raw Data'!F2:F141,"PostNL",'Raw Data'!I2:I141,">0")
A20: DHL | B20: =COUNTIF('Raw Data'!F2:F141,"DHL") | C20: =COUNTIFS('Raw Data'!F2:F141,"DHL",'Raw Data'!J2:J141,"Yes")/B20 | D20: =AVERAGEIFS('Raw Data'!I2:I141,'Raw Data'!F2:F141,"DHL",'Raw Data'!I2:I141,">0")
A21: DPD | B21: =COUNTIF('Raw Data'!F2:F141,"DPD") | C21: =COUNTIFS('Raw Data'!F2:F141,"DPD",'Raw Data'!J2:J141,"Yes")/B21 | D21: =AVERAGEIFS('Raw Data'!I2:I141,'Raw Data'!F2:F141,"DPD",'Raw Data'!I2:I141,">0")
A22: GLS | B22: =COUNTIF('Raw Data'!F2:F141,"GLS") | C22: =COUNTIFS('Raw Data'!F2:F141,"GLS",'Raw Data'!J2:J141,"Yes")/B22 | D22: =AVERAGEIFS('Raw Data'!I2:I141,'Raw Data'!F2:F141,"GLS",'Raw Data'!I2:I141,">0")
A23: UPS | B23: =COUNTIF('Raw Data'!F2:F141,"UPS") | C23: =COUNTIFS('Raw Data'!F2:F141,"UPS",'Raw Data'!J2:J141,"Yes")/B23 | D23: =AVERAGEIFS('Raw Data'!I2:I141,'Raw Data'!F2:F141,"UPS",'Raw Data'!I2:I141,">0")
A26: Monthly trend
A27: Month | B27: Shipments | C27: On time rate
A28: Apr-26 | B28: =COUNTIF('Raw Data'!M2:M141,"Apr-26") | C28: =COUNTIFS('Raw Data'!M2:M141,"Apr-26",'Raw Data'!J2:J141,"Yes")/B28
A29: May-26 | B29: =COUNTIF('Raw Data'!M2:M141,"May-26") | C29: =COUNTIFS('Raw Data'!M2:M141,"May-26",'Raw Data'!J2:J141,"Yes")/B29
A30: Jun-26 | B30: =COUNTIF('Raw Data'!M2:M141,"Jun-26") | C30: =COUNTIFS('Raw Data'!M2:M141,"Jun-26",'Raw Data'!J2:J141,"Yes")/B30
A31: Jul-26 | B31: =COUNTIF('Raw Data'!M2:M141,"Jul-26") | C31: =COUNTIFS('Raw Data'!M2:M141,"Jul-26",'Raw Data'!J2:J141,"Yes")/B31
A32: Aug-26 | B32: =COUNTIF('Raw Data'!M2:M141,"Aug-26") | C32: =COUNTIFS('Raw Data'!M2:M141,"Aug-26",'Raw Data'!J2:J141,"Yes")/B32
A34: How to finish the visuals (2 minutes)
A35: 1. Select A9:C15 and insert a bar chart for delay reason breakdown (this is the direct proof point for the shared delay log improvement idea).
A36: 2. Select A18:D23 and insert a bar chart for carrier performance, sort by on time rate to spot the weakest carrier at a glance.
A37: 3. Select A27:C32 and insert a line chart for the monthly trend to show whether reliability is improving or slipping over time.
A38: 4. All numbers above are formulas referencing Raw Data, so if you edit or extend Raw Data (or replace it with a real dataset later), the whole dashboard recalculates itself.
